3019783,A,M343,1,1,0,1,1,1,1,1,1,1
6920349,B,Z9,-1,-1,-1,1,-1,-1,-1,-1,1,-1
7378685,C,Z381,-1,1,1,0,-1,-1,1,1,1,-1
8928037,D,U106,1,1,1,1,-1,1,1,1,1,-1
12060401,E,Z301,0,0,1,0,0,-1,0,1,0,0
12878820,F,Z18,1,-1,-1,-1,-1,1,-1,-1,-1,-1
13668461,G,Z156,-1,1,-1,-1,-1,-1,1,-1,-1,-1
15732138,H,L11,1,1,1,1,1,0,1,1,1,1
19538924,I,Z28,-1,-1,-1,1,-1,0,-1,-1,1,-1
19995425,J,P312,-1,-1,-1,-1,1,-1,-1,-1,-1,1
20029258,K,Z8,-1,-1,-1,1,-1,-1,-1,-1,-1,-1
20323911,L,A297,-1,0,-1,1,-1,-1,1,-1,0,-1
20577481,M,M269,1,1,1,1,1,1,1,1,1,1
20625892,N,Z306,-1,1,-1,-1,-1,-1,-1,-1,-1,-1
21450311,O,L48,-1,-1,1,1,-1,-1,-1,1,1,-1
