3019783,M343,1,1,Null,1,1,1,1,1,1,1
6920349,Z9,0,0,0,1,0,0,0,0,1,0
7378685,Z381,0,1,1,Null,0,0,1,1,1,0
8928037,U106,1,1,1,1,0,1,1,1,1,0
12060401,Z301,Null,Null,1,Null,Null,0,Null,1,Null,Null
12878820,Z18,1,0,0,0,0,1,0,0,0,0
13668461,Z156,0,1,0,0,0,0,1,0,0,0
15732138,L11,1,1,1,1,1,Null,1,1,1,1
19538924,Z28,0,0,0,1,0,Null,0,0,1,0
19995425,P312,0,0,0,0,1,0,0,0,0,1
20029258,Z8,0,0,0,1,0,0,0,0,0,0
20323911,A297,0,Null,0,1,0,0,1,0,Null,0
20577481,M269,1,1,1,1,1,1,1,1,1,1
20625892,Z306,0,1,0,0,0,0,0,0,0,0
21450311,L48,0,0,1,1,0,0,0,1,1,0
